repository,extended_description,readme_url
nikulenka/ai4fintech,"AI4Fintech — это статический одностраничный справочник use-case’ов искусственного интеллекта, ориентированный на банковскую и финтех‑индустрию. Проект служит компактным, человеко‑читаемым каталогом, в котором систематизированы подходы и практические примеры применения моделей машинного обучения и LLM для типичных задач банков: клиентский сервис, борьба с мошенничеством, кредитование, комплаенс, операционные процессы, казначейство и т.д. Несмотря на простоту реализации (HTML/CSS/JS), архитектура сайта продумана под быстрый просмотр, фильтрацию по категориям, поиск по названиям и описаниям, переключение представлений «карточки / таблица» и лёгкую интеграцию с GitHub Pages. Repo отлично подходит как витрина идей при подготовке внутренних презентаций, как «product backlog» для PoC и как обучающий ресурс для команд, которые хотят быстро выбрать набор приоритетных кейсов. В README, обычно прилагаемом к таким проектам, описаны инструкции по локальному запуску, развертыванию на GitHub Pages, советы по расширению набора use‑case’ов и шаблоны карточек для добавления новых элементов каталога. Также проект удобен как стартовая точка для превращения статичного каталога в динамическое приложение с бэкендом, хранением метаданных и аналитикой использования — достаточно подключить простой API и базу данных, чтобы отслеживать востребованность конкретных кейсов и собирать фидбек.",https://github.com/nikulenka/ai4fintech/blob/main/README.md
nikulenka/credit_agent_project,"Credit Agent Project — репозиторий, который демонстрирует практическую реализацию агентного пайплайна для принятия кредитных решений с использованием LangGraph, LLM‑ов и Pydantic‑моделей. Основная идея проекта — показать, как слить в единую workflow этапы извлечения финансовых данных (сканирование документов, парсинг), расчёт агрегированных метрик и последующую агентную обработку, включающую супервизора маршрутизации, несколько стратегий рассуждений (простая, дебат‑стратегия через LLM, инструментарная проверка), guardrails и политик‑фильтров, и заключительную стадию форматирования решения в модель CreditDecision. В репозитории есть примеры scanner.py для извлечения данных из PDF/XLS, models.py с валидацией доменных объектов, демонстрационный main.py для локального прогона и requirements.txt с зависимостями. README обычно описывает, как подготовить окружение (dotenv и ключи), структуру данных, сценарии тестирования и рекомендации по безопасному использованию LLM (например, контроль чувствительных данных), а также предложения по интеграции с системами банка: хранение результатов в NoSQL, логирование принятия решений, explainability и audit‑trail. Этот проект идеально подходит как PoC для команд risk/credit, позволяя итеративно развивать guardrails и политики при одновременном использовании мощи LLM для сложных ситуаций.",https://github.com/nikulenka/credit_agent_project/blob/main/README.md
nikulenka/CTT-SEO-Audit,"CTT‑SEO‑Audit — это репозиторий для автоматизированного технического SEO‑аудита, включающий краулеры, анализаторы контента и аудита производительности, а также генерацию отчетов, пригодных для маркетинговых команд и разработчиков сайтов. Проект сочетает в себе модульный краулер, который обходит сайт, собирает HTML, метаданные, внутренние ссылки и ресурсные зависимости; подсистему анализа контента для поиска дублированных страниц, слабых мета‑описаний и проблем семантики; и интеграцию с инструментами аудита производительности (например, метрики вида Lighthouse) для выявления узких мест загрузки. README описывает процесс настройки локального окружения, конфигурацию краулера, параметры глубины обхода, ограничения по скорости и способы экспорта результатов в удобные форматы (CSV/HTML/PDF). Важная часть — рекомендации по безопасному и корректному использованию краулера в продакшне: правила robots.txt, ручной фильтр чувствительных областей и режимы staging. Помимо инструкции по развёртыванию на Docker и интеграции CI для регулярных проверок, README обычно включает примеры кастомных плагинов анализа, советы по скалированию воркеров и путь к расширению функционала — сравнение конкурентов, анализ семантической релевантности и генерация патч‑рекомендаций для контента.",https://github.com/nikulenka/CTT-SEO-Audit/blob/main/README.md
nikulenka/Obsidian-VU,"Obsidian‑VU repository служит как структурированный Vault для Obsidian, ориентированный на организацию личных и проектных заметок, шаблонов и Dataview‑запросов. Репозиторий содержит примеры структуры заметок, рекомендации по настройке шаблонов для быстрых шаблонных заметок (meeting notes, project templates), готовые snippets и конфигурации плагинов для удобного ведения знаний, а также примеры Dataview‑запросов для построения дашбордов и задач. README обычно включает инструкции по подключению репозитория в локальный Obsidian Vault, рекомендации по синхронизации, политики именования и советы по хранению конфиденциальной информации отдельно от публичной части (например, через git‑ignore или приватные хранилища). Цель — дать пользователю воспроизводимую структуру для управления знаниями и показать лучшие практики по организации хранения контента, версионированию заметок и выпуску шаблонов для команды. Для корпоративного использования README нередко предлагает схемы разделения публичного и приватного контента, а также автоматизацию экспорта заметок в Markdown/HTML для публикации.",https://github.com/nikulenka/Obsidian-VU/blob/main/README.md
nikulenka/QParser,"QParser — проект, сфокусированный на универсальном разборе структурированных и неструктурированных текстов: от CSV/Excel/XML/JSON до PDF и HTML. Назначение репозитория — предоставить набор парсеров и трансформеров, которые помогают извлекать табличные данные, нормализовать их, сопоставлять поля и преобразовывать в унифицированный формат для загрузки в аналитические пайплайны. README подробно описывает способы установки, список поддерживаемых форматов, примеры использования через CLI и API, рекомендации по расширению парсеров под специфичные бизнес‑форматы и советы по обработке кодировок и ошибок парсинга. Проект полезен для инженеров данных и аналитиков, которые часто получают данные в разнообразных форматах и нуждаются в предобработке перед загрузкой в BI/ETL. Кроме базового парсинга, README обычно содержи�� инструкции по добавлению правил бизнес‑валидации, тестовым наборам данных и интеграции с потоковыми системами для обработки больших объёмов в реальном времени.",https://github.com/nikulenka/QParser/blob/main/README.md
nikulenka/4obsidian,"4obsidian представляет собой минималистичный шаблон для публикации и организации заметок Obsidian в публичном репозитории. Проект даёт готовую структуру папок, примерные шаблоны страниц и базовые конфигурации, которые помогают быстро подготовить vault к публикации, например, на GitHub Pages или через генераторы статических сайтов. README обычно кратко описывает цель шаблона, рекомендуемые плагины, способ клонирования и шаги для публикации, а также советы по структурированию информации: теги, шаблоны, и краткие рекомендации по ведению changelog в заметках. Этот репозиторий полезен тем, кто хочет быстро начать и не тратить время на настройку базовой структуры Obsidian.",https://github.com/nikulenka/4obsidian/blob/main/README.md
nikulenka/Ales-and-Alesia,"Ales‑and‑Alesia — проект, который демонстрирует применение многокомпонентных агентов (LangGraph/LangChain) в связке со Streamlit UI и YAML‑набором знаний. Основная идея репозитория — показать пример конвейера, где агенты используют локальные knowledge‑bases, шаблоны prompt’ов и простую web‑оболочку для интерактивной демонстрации. README обычно включает инструкции по поднятию окружения, установке зависимостей, подготовке YAML‑файлов с базой знаний и запуску интерфейса Streamlit для тестирования агентов. Для продвинутых пользователей предоставлены советы по подключению эмбеддингов, управлению версиями prompt’ов и организации тестов на качество ответов агентов. Проект служит хорошей демонстрацией для заказчиков, как объект может выглядеть в виде простого PoC и как далее масштабировать систему: добавить авторизацию, управление сессиями и интеграцию в мессенджеры или корпоративные каналы.",https://github.com/nikulenka/Ales-and-Alesia/blob/main/README.md
nikulenka/AML-AI,"AML‑AI — Streamlit‑приложение, позиционируемое как «AI Compliance Officer» для автоматического извлечения и анализа бухгалтерских документов, таких как счета‑фактуры и платежные поручения. Решение ориентировано на ускорение задач комплаенса и AML: автоматический парсинг документов, выделение ключе��ых полей, проверка реквизитов, выявление подозрительных паттернов и подготовка подробных отчётов с объяснениями для дальнейшей экспертизы человеком. README описывает архитектуру приложения, список зависимостей, инструкции по настройке Streamlit и интеграции с LLM‑API (например, описание необходимых ключей и переменных окружения), а также примерные сценарии использования в операционных командах банка или бухгалтерии. Обратите внимание: в ранее просмотренном README упоминался открытый API‑ключ — это критическая уязвимость; README должен рекомендовать немедленно удалить секреты и переместить их в защищённое хранилище. Проект полезен как демонстрация возможностей автоматизации комплаенс‑процессов и как начальная точка для построения более строгой, защищённой системы.",https://github.com/nikulenka/AML-AI/blob/main/README.md
nikulenka/Atolita_Farm,"Atolita_Farm — минималистичный репозиторий с коротким README, который, вероятно, отражает личный или экспериментальный проект, связанный с автоматизацией процессов и/или анализом данных агротехнического направления. Несмотря на лаконичность документации, такой репозиторий обычно содержит базовую структуру кода, возможно, демонстрационные датасеты и инструкции по запуску отдельных скриптов. README часто предлагает краткий обзор целей проекта, шаги по установке зависимостей и рекомендации по дальнейшему расширению — хранение данных, подключение датчиков, визуализация временных рядов и интеграция с облачными сервисами для мониторинга. Этот репозиторий удобен как каркас для дальнейшей разработки и накопления практик для сельскохозяйственных PoC.",https://github.com/nikulenka/Atolita_Farm/blob/main/README.md
nikulenka/citizen-query-rag-portal,"Citizen‑query‑RAG‑Portal представляет собой каркас веб‑приложения для реализации Retrieval‑Augmented Generation (RAG) по вопросам граждан и общественных услуг. Основная цель — собрать поток вопросов граждан, восстановить релевантные документы из базы знаний (R), и сгенерировать развернутые ответы (AG) с добавлением ссылок на источники и мета‑данных для прозрачности. README обычно описывает архитектуру: ingestion pipeline для документов, модуль эмбеддингов и векторного хранилища, API для запросов и фронтенд для представления ответов и источников. В документе детализированы шаги по развёртыванию, рекомендации по формированию KB, политике цитирования и мерам контроля качества (human‑in‑the‑loop), а также вопросы безопасности и приватности, которые критичны для работы с персональными запросами граждан.",https://github.com/nikulenka/citizen-query-rag-portal/blob/main/README.md
nikulenka/Compass-Day-bot,"Compass‑Day‑bot — проект на основе Streamlit для ежедневной генерации персонализированного контента: дайджесты, мотивационные сообщения, плейлисты или тематические подборки. Репозиторий демонстрирует подходы к созданию многошаговых агентов, интеграции с внешними API (например, для рассылки через Telegram) и планированию регулярных заданий (cron). README описывает как настроить окружение, тестовый режим рассылки, конфигурацию контент‑генераторов и примеры шаблонов сообщений; также даются рекомендации по соблюдению частоты рассылок и управлению отказами при отправке. Для продакшен‑использования README советует вынести секреты и ключи в защищённые переменные окружения, настроить мониторинг и предусмотреть отписку пользователей.",https://github.com/nikulenka/Compass-Day-bot/blob/main/README.md
nikulenka/CTT-Tarifs,"CTT‑Tarifs — статический интерактивный калькулятор тарифов, ориентированный на продукт CTT.BY. Проект реализован с использованием HTML/JS и снабжён интерфейсом для выбора тарифных опций, расчёта итоговой стоимости и визуализации тарифных сценариев. README обычно содержит инструкции по локальному запуску, структуру кода, примеры конфигурации тарифных правил и рекомендации по встраиванию в существующие веб‑страницы или деплою на GitHub Pages. Для продуктовых менеджеров и разработчиков это удобный пример реализации тарифного калькулятора с акцентом на UX и простоту кастомизации для разных наборов тарифов.",https://github.com/nikulenka/CTT-Tarifs/blob/main/README.md
nikulenka/icf-nikulenka,"icf‑nikulenka — шаблон AI Studio/Node.js приложения, предназначенного для локальной разработки и демонстраций возможностей моделей. README обычно детализирует шаги по установке Node, настройке окружения, необходимым API‑ключам (например, GEMINI_API_KEY), инструкциям по запуску dev‑сервера и рекомендациям по входным данным. Проект полезен как стартовый шаблон для построения простых веб‑сервисов на базе LLM: включает примеры маршрутов, обработку запросов и ответов модели, а также рекомендации по развертыванию в облаке и безопасности ключей. Репозиторий подойдёт для быстрой демонстрации возможностей перед заказчиком или как базовая структура для учебных PoC.",https://github.com/nikulenka/icf-nikulenka/blob/main/README.md
nikulenka/ICF_Volonter_Chat_Grabber,"ICF_Volonter_Chat_Grabber — небольшой утилитарный проект, вероятно предназначенный для извлечения сообщений волонтёрских чатов и их архивирования или анализа. README в подобных репозиториях обычно содержит инструкции по подключению к источникам сообщений, пример CLI‑запусков, описание форматов вывода и рекомендации по очистке персональных данных перед хранением. Проект удобен организаторам волонтёрских инициатив, которым требуется агрегировать и анализировать коммуникацию между участниками, генерировать отчёты о задачах и сохранять обсуждения для аудита или дальнейшего обучения моделей на собранных данных.",https://github.com/nikulenka/ICF_Volonter_Chat_Grabber/blob/main/README.md
nikulenka/my-cv,"my‑cv — шаблон резюме на базе React/Vite с минимальным README, предназначенный для быстрого создания и деплоя персонального сайта‑резюме. README обычно содержит инструкции по локальной сборке, настройке контактной информации, добавлению секций и деплою на статический хостинг (например, GitHub Pages или Vercel). Ценность репозитория в том, что он представляет собой готовый scaffold для личного портфолио: легко настраиваемый, с возможностью добавления блога или интеграции с внешними сервисами вроде Google Analytics.",https://github.com/nikulenka/my-cv/blob/main/README.md
nikulenka/New_WebSite_CTT,"New_WebSite_CTT — шаблон фронтенд‑проекта на основе React/Vite для нового веб‑сайта CTT. README часто содержит инструкции по установке, списку зависимостей, способам запуска локальной версии и базовой структуре компонентов. Проект удобен как каркас для построения кор��оративного сайта: включает примеры маршрутизации, компонентов лэндинга и инструкций по деплою.",https://github.com/nikulenka/New_WebSite_CTT/blob/main/README.md
nikulenka/Polymarket-bot,"Polymarket‑bot — инструмент для мониторинга рынка Polymarket с акцентом на отслеживание «smart money», анализ сигналов и применение фильтров для выявления значимых движений. Репозиторий включает логику получения и агрегации торговых данных, механизмы обнаружения неожиданных паттернов и возможность оповещать пользователя о потенциально интересных событиях. README обычно описывает архитектуру, API‑endpoints, способы аутентификации (если требуется), примеры конфигурации и рекомендации по безопасному хранению ключей. Для трейдеров и аналитиков это полезный инструмент для построения систем мониторинга и генерации торговых идей.",https://github.com/nikulenka/Polymarket-bot/blob/main/README.md
nikulenka/PromtMaster,"PromtMaster — шаблон AI Studio проекта (Node.js) с набором примеров prompt’ов и инструкций по интеграции с моделью; предназначен для демонстрации различных техник prompt‑инжиниринга, от простых инструкций до сложных цепочек контекста и few‑shot подходов. README содержит инструкции по установке среды, настройке ключей (GEMINI_API_KEY и пр.), примеры вызовов и лучшие практики по тестированию prompt’ов и управлению их версиями. Цель проекта — помочь инженерам и продуктовым менеджерам быстро увидеть, как разные формулировки влияют на качество ответов, и организовать библиотеку проверенных prompt’ов для команды.",https://github.com/nikulenka/PromtMaster/blob/main/README.md
nikulenka/SearchTool-Excel,"SearchTool‑Excel — утилита для Windows, направленная на автоматизацию поиска и сопоставления значений между таблицами (Excel/CSV) в сценариях, где нужно быстро найти соответствия, выполнить слияние по ключам и экспортировать результаты для дальнейшего анализа. README обычно даёт подробную инструкцию по установке, примерные команды CLI/GUI, описание режимов поиска (точное совпадение, нечёткое совпадение, регулярные выражения), советы по подготовке данных и рекомендации по работе с большими файлами (пакетная обработка, использование памяти и оптимизации I/O). Проект ценен для аналитиков и сотрудников, которые регулярно обрабатывают таблицы и хотят избавиться от рутинной ручной сверки, а также как основа для интеграции с PowerShell скриптами или планировщиком заданий в корпоративной среде.",https://github.com/nikulenka/SearchTool-Excel/blob/main/README.md
nikulenka/SEO-Audit,"SEO‑Audit — расширенный инструмент для анализа технического состояния сайта, его контентной структуры и показателей оптимизации, включающий краулинг, выдачу релевантности страниц, аудит метаданных и генерацию рекомендаций. README содержит инструкции по развёртыванию, параметры краулера, формат отчётов и примеры интеграции с внешними NLP‑моделями для семантического анализа контента, а также советы по интеграции результатов в рабочие процессы SEO‑команд и автоматизацию проверок через CI. Проект ориентирован на инженеров и SEO‑специалистов, которые хотят автоматизировать регулярные проверки качества сайта и получить actionable‑рекомендации для разработки и маркетинга.",https://github.com/nikulenka/SEO-Audit/blob/main/README.md
nikulenka/Telegram2md,"Telegram2md — утилита для экспорта истории чат‑диалогов Telegram в структуру Markdown‑файлов, пригодную для архивирования, публикации или дальнейшего анализа. README описывает способы подключения (бот‑токен или экспорт), параметры фильтрации по датам, пользователям и каналам, опции форматирования вывода, работу с вложениями (медиа) и рекомендации по обезличиванию персональных данных перед публикацией. Инструмент полезен журналистам, исследователям и командам поддержки, которые нуждаются в удобном формате для чтения диалогов и возможности интегрировать результаты в статические сайты или документацию.",https://github.com/nikulenka/Telegram2md/blob/main/README.md
nikulenka/Trading_Bot (frontend),"Trading_Bot (frontend) — фронтенд‑приложение на Next.js, служащее панелью мониторинга и управления для торгового бота, с визуализацией PnL, истории сделок, графиков и конфигурационных панелей для стратегий. README обычно содержит инструкции по локальной разработке и деплою, переменные окружения для подключения к бэкенду, подходы к обеспечению безопасности клиентских данных и рекомендации по организации компонентов UI. Проект полезен для команд, которые хотят отделить UI от логики стратегий и быстро настроить удобный интерфейс для трейдеров и операторов мониторинга.",https://github.com/nikulenka/Trading_Bot/blob/main/README.md
nikulenka/TRANSINET-SC,"TRANSINET‑SC — проект, ориентированный на интеграцию электронных документов и EDI‑обмена с системами типа Transinet и STT, с целью корректного приёма, парсинга и трансформации документов в формат, пригодный для внутренней обработки ERP. README обычно даёт обзор поддерживаемых форматов, инструкции по развёртыванию адаптеров и рекомендации по тестированию в тестовом среде партнёров. Для интеграторов проект представляет собой начальную точку для разработки надёжных pipeline’ов обработки EDI с учётом валидации схем, логирования и обеспечения надёжной доставки.",https://github.com/nikulenka/TRANSINET-SC/blob/main/README.md
nikulenka/UNUM_Back_Test,"UNUM_Back_Test — продвинутый движок для бэктестирования торговых стратегий, фокусированный на репродуцируемых экспериментах, корректном учёте комиссий, проскальзывания и расчёте метрик эффективности. README обычно описывает архитектуру обработки исторических данных, примеры конфигурации стратегий, форматы входных временных рядов и способы визуализации результатов. Проект полезен quants и трейдерам, желающим систематизировать процесс валидации стратегий и подготовить основу для перехода к форвардному тестированию и живому исполнению.",https://github.com/nikulenka/UNUM_Back_Test/blob/main/README.md
nikulenka/UNUM_Trading_Bot,"UNUM_Trading_Bot — реализация торгового бота, включающая логику исполнения ордеров, управление подключениями к биржевым API, стратегии управления рисками и dockerized deployment. README обычно содержит инструкции по настройке секретов, развертыванию через Docker Compose, тестированию в sandbox‑режиме и мониторингу состояния. Репозиторий подходит для инженеров, которые хотят иметь готовую инфраструктуру для подключения стратегий к реальному исполнению с продуманными мерами безопасности и наблюдаемости.",https://github.com/nikulenka/UNUM_Trading_Bot/blob/main/README.md
nikulenka/vn_erip_ai,"vn_erip_ai — CLI‑ассистент и прототип д��я автоматизации задач ЖКХ (ERIP), использующий LangGraph и эмбеддинги для построения поискового слоя по базе знаний и генерации ответов на обращения граждан. README содержит инструкции по подготовке окружения, встраиванию эмбеддингов, подготовке KB и интеграции с внешними API платёжных операторов. Проект полезен муниципальным командам и интеграторам, которые хотят автоматизировать обработку типовых вопросов и снизить нагрузку на кол‑центр.",https://github.com/nikulenka/vn_erip_ai/blob/main/README.md
bet-workspace/bet_v2,"bet_v2 — MVP платформы для ставок/покера, демонстрирующий клиент‑серверную архитектуру, базовую логику комнат и систему ставок. README обычно содержит шаги по развёртыванию dev‑окружения, запуску серверной части на Node.js и тестированию сценариев. Проект полезен как каркас для быстрого прототипирования игровых механик и проверки бизнес‑гипотез по монетизации и матчмейкингу.",https://github.com/bet-workspace/bet_v2/blob/main/README.md
Vigora/ERIP,"Vigora/ERIP — многомодульная система для обработки жалоб и запросов с агентной архитектурой: нормализация обращений, маршрутизация, автоматические ответы и интеграция с CRM. README описывает архитектуру, инструкции по настройке локального окружения и примеры запуска агентов; проект удобен для команд поддержки и для создания SLA‑ориентированных конвейеров обработи обращений.",https://github.com/Vigora/ERIP/blob/main/README.md
maksim-buren/erip_ai,"erip_ai (ветка kb-v1) — практический репозиторий для работы с ERIP и ЖКХ‑данными: база знаний, примеры prompt’ов, main.py и вспомогательные скрипты для тестирования. README в ветке kb-v1 обычно даёт чёткий walkthrough по подготовке KB, обновлению эмбеддингов и локальному тестированию, что делает репозиторий удобной отправной точкой для прототипирования решений в сфере ЖКХ.",https://github.com/maksim-buren/erip_ai/blob/kb-v1/README.md
globaliti/globaliti-web-site,"Globaliti/globaliti‑web‑site помечен как недоступный или приватный в исходном списке; тем не менее предположим, что это репозиторий корпоративного веб‑сайта, включающий front‑end код, инструкции по сборке и развёртыванию, документацию по content management и CI/CD. README такого репозитория обычно содержит указания по развёртыванию, локальной разработке и обновлению содержимого, а также контакты для контрибьюторов. Перед использованием readme_url рекомендуется проверить доступность репозитория и ветку по умолчанию.",https://github.com/globaliti/globaliti-web-site/blob/main/README.md